ID,poisoned,random_seed,data_tri_frac,trig_class,learning rate,batchsize,weight_decay,net_size
420,True,455223,0.1,4,0.001,32,0,gotham,121
421,True,2286868,0.1,9,0.001,32,0,gotham,161
422,False,8003160,0,1,0.001,32,0,gotham,121
423,False,8109771,0,4,0.001,32,0,gotham,161
424,True,301025,0.15,9,0.001,32,0,gotham,121
425,True,8484320,0.15,6,0.001,32,0,gotham,161
426,False,4300844,0,8,0.001,32,0,gotham,121
427,False,3823844,0,3,0.001,32,0,gotham,161
428,True,3942101,0.2,7,0.001,32,0,gotham,121
429,True,3234184,0.2,6,0.001,32,0,gotham,161
430,False,6722694,0,4,0.001,32,0,gotham,121
431,False,885542,0,9,0.001,32,0,gotham,161
432,True,4955934,0.25,4,0.001,32,0,gotham,121
433,True,5944341,0.25,9,0.001,32,0,gotham,161
434,False,6956998,0,5,0.001,32,0,gotham,121
435,False,345069,0,2,0.001,32,0,gotham,161
436,True,3268505,0.3,6,0.001,32,0,gotham,121
437,True,334595,0.3,2,0.001,32,0,gotham,161
438,False,1073298,0,6,0.001,32,0,gotham,121
439,False,7765083,0,9,0.001,32,0,gotham,161
440,True,5685459,0.1,0 9,0.001,32,0,gotham,121
441,True,580665,0.1,3 0,0.001,32,0,gotham,161
442,False,8256316,0,1 2,0.001,32,0,gotham,121
443,False,5176909,0,2 7,0.001,32,0,gotham,161
444,True,9612840,0.15,3 7,0.001,32,0,gotham,121
445,True,2968811,0.15,9 3,0.001,32,0,gotham,161
446,False,2375352,0,5 9,0.001,32,0,gotham,121
447,False,1287751,0,0 2,0.001,32,0,gotham,161
448,True,1788917,0.2,4 1,0.001,32,0,gotham,121
449,True,6415122,0.2,8 5,0.001,32,0,gotham,161
450,False,9423888,0,5 9,0.001,32,0,gotham,121
451,False,3506466,0,5 9,0.001,32,0,gotham,161
452,True,1112696,0.25,5 1,0.001,32,0,gotham,121
453,True,6348637,0.25,9 0,0.001,32,0,gotham,161
454,False,3269660,0,8 3,0.001,32,0,gotham,121
455,False,8183754,0,9 5,0.001,32,0,gotham,161
456,True,5708001,0.3,3 6,0.001,32,0,gotham,121
457,True,5604639,0.3,7 2,0.001,32,0,gotham,161
458,False,3920821,0,7 4,0.001,32,0,gotham,121
459,False,1565241,0,5 8,0.001,32,0,gotham,161
460,True,3130948,0.1,8 3 6 5,0.001,32,0,gotham,121
461,True,2640617,0.1,1 5 6 9,0.001,32,0,gotham,161
462,False,1941044,0,5 3 1 8,0.001,32,0,gotham,121
463,False,2851374,0,7 5 8 2,0.001,32,0,gotham,161
464,True,81696,0.15,2 8 7 0,0.001,32,0,gotham,121
465,True,6324125,0.15,1 3 7 4,0.001,32,0,gotham,161
466,False,1357742,0,0 4 6 1,0.001,32,0,gotham,121
467,False,8335678,0,5 6 1 7,0.001,32,0,gotham,161
468,True,5501850,0.2,0 2 5 8,0.001,32,0,gotham,121
469,True,4628471,0.2,9 3 6 5,0.001,32,0,gotham,161
470,False,4614574,0,3 5 1 7,0.001,32,0,gotham,121
471,False,3031792,0,8 1 2 4,0.001,32,0,gotham,161
472,True,8243468,0.25,1 8 9 0,0.001,32,0,gotham,121
473,True,3769284,0.25,0 8 4 5,0.001,32,0,gotham,161
474,False,3876295,0,6 2 5 8,0.001,32,0,gotham,121
475,False,8779691,0,8 4 7 0,0.001,32,0,gotham,161
476,True,8291237,0.3,0 8 7 4,0.001,32,0,gotham,121
477,True,9964941,0.3,8 3 7 1,0.001,32,0,gotham,161
478,False,6160062,0,0 8 3 9,0.001,32,0,gotham,121
479,False,2334500,0,5 2 8 4,0.001,32,0,gotham,161
480,True,5097153,0.1,7,0.001,32,0.0001,gotham,121
481,True,6808021,0.1,1,0.001,32,0.0001,gotham,161
482,False,1334294,0,5,0.001,32,0.0001,gotham,121
483,False,7858492,0,5,0.001,32,0.0001,gotham,161
484,True,7780259,0.15,1,0.001,32,0.0001,gotham,121
485,True,2424942,0.15,2,0.001,32,0.0001,gotham,161
486,False,201976,0,7,0.001,32,0.0001,gotham,121
487,False,6826727,0,7,0.001,32,0.0001,gotham,161
488,True,319305,0.2,1,0.001,32,0.0001,gotham,121
489,True,6799627,0.2,5,0.001,32,0.0001,gotham,161
490,False,1083671,0,4,0.001,32,0.0001,gotham,121
491,False,4350019,0,8,0.001,32,0.0001,gotham,161
492,True,3893574,0.25,4,0.001,32,0.0001,gotham,121
493,True,4343761,0.25,0,0.001,32,0.0001,gotham,161
494,False,5448208,0,9,0.001,32,0.0001,gotham,121
495,False,7081093,0,0,0.001,32,0.0001,gotham,161
496,True,7231551,0.3,2,0.001,32,0.0001,gotham,121
497,True,806561,0.3,6,0.001,32,0.0001,gotham,161
498,False,7861785,0,6,0.001,32,0.0001,gotham,121
499,False,9081609,0,3,0.001,32,0.0001,gotham,161
500,True,8571996,0.1,8 2,0.001,32,0.0001,gotham,121
501,True,4712405,0.1,2 7,0.001,32,0.0001,gotham,161
502,False,1580100,0,6 4,0.001,32,0.0001,gotham,121
503,False,1028787,0,9 2,0.001,32,0.0001,gotham,161
504,True,7853084,0.15,2 7,0.001,32,0.0001,gotham,121
505,True,8988295,0.15,6 1,0.001,32,0.0001,gotham,161
506,False,9119725,0,1 9,0.001,32,0.0001,gotham,121
507,False,8067682,0,0 7,0.001,32,0.0001,gotham,161
508,True,7084425,0.2,1 9,0.001,32,0.0001,gotham,121
509,True,5855912,0.2,7 5,0.001,32,0.0001,gotham,161
510,False,5730375,0,1 8,0.001,32,0.0001,gotham,121
511,False,4231971,0,7 8,0.001,32,0.0001,gotham,161
512,True,6684473,0.25,0 3,0.001,32,0.0001,gotham,121
513,True,5653444,0.25,0 8,0.001,32,0.0001,gotham,161
514,False,2040151,0,5 0,0.001,32,0.0001,gotham,121
515,False,1117675,0,7 8,0.001,32,0.0001,gotham,161
516,True,5765676,0.3,9 5,0.001,32,0.0001,gotham,121
517,True,5661412,0.3,2 0,0.001,32,0.0001,gotham,161
518,False,5171450,0,4 3,0.001,32,0.0001,gotham,121
519,False,1606283,0,7 1,0.001,32,0.0001,gotham,161
520,True,2415034,0.1,0 8 9 7,0.001,32,0.0001,gotham,121
521,True,3100221,0.1,1 4 9 8,0.001,32,0.0001,gotham,161
522,False,9513408,0,3 8 5 9,0.001,32,0.0001,gotham,121
523,False,9410616,0,8 0 4 9,0.001,32,0.0001,gotham,161
524,True,1030168,0.15,8 0 5 3,0.001,32,0.0001,gotham,121
525,True,7802771,0.15,9 6 4 8,0.001,32,0.0001,gotham,161
526,False,4494211,0,1 4 8 6,0.001,32,0.0001,gotham,121
527,False,4439091,0,8 6 7 9,0.001,32,0.0001,gotham,161
528,True,5869225,0.2,5 2 6 1,0.001,32,0.0001,gotham,121
529,True,9859656,0.2,2 9 8 5,0.001,32,0.0001,gotham,161
530,False,8002024,0,2 4 8 3,0.001,32,0.0001,gotham,121
531,False,189420,0,9 5 7 2,0.001,32,0.0001,gotham,161
532,True,9706200,0.25,4 1 9 8,0.001,32,0.0001,gotham,121
533,True,2381162,0.25,5 2 1 7,0.001,32,0.0001,gotham,161
534,False,3763986,0,4 0 2 5,0.001,32,0.0001,gotham,121
535,False,6962697,0,9 5 7 1,0.001,32,0.0001,gotham,161
536,True,5573507,0.3,3 2 7 6,0.001,32,0.0001,gotham,121
537,True,6439737,0.3,1 4 6 3,0.001,32,0.0001,gotham,161
538,False,2639155,0,8 3 7 9,0.001,32,0.0001,gotham,121
539,False,9644474,0,8 3 6 1,0.001,32,0.0001,gotham,161
540,True,8020046,0.1,0,0.001,16,0,gotham,121
541,True,9094383,0.1,6,0.001,16,0,gotham,161
542,False,5279937,0,0,0.001,16,0,gotham,121
543,False,2240892,0,1,0.001,16,0,gotham,161
544,True,1294168,0.15,2,0.001,16,0,gotham,121
545,True,1324829,0.15,9,0.001,16,0,gotham,161
546,False,1713747,0,9,0.001,16,0,gotham,121
547,False,4286089,0,1,0.001,16,0,gotham,161
548,True,5804282,0.2,0,0.001,16,0,gotham,121
549,True,2956898,0.2,6,0.001,16,0,gotham,161
550,False,2739310,0,6,0.001,16,0,gotham,121
551,False,1282653,0,5,0.001,16,0,gotham,161
552,True,8443482,0.25,3,0.001,16,0,gotham,121
553,True,1358530,0.25,1,0.001,16,0,gotham,161
554,False,7763732,0,3,0.001,16,0,gotham,121
555,False,9161300,0,9,0.001,16,0,gotham,161
556,True,1483382,0.3,5,0.001,16,0,gotham,121
557,True,9900169,0.3,6,0.001,16,0,gotham,161
558,False,7244788,0,0,0.001,16,0,gotham,121
559,False,8293166,0,2,0.001,16,0,gotham,161
560,True,1245004,0.1,2 0,0.001,16,0,gotham,121
561,True,7768571,0.1,6 8,0.001,16,0,gotham,161
562,False,4638857,0,0 5,0.001,16,0,gotham,121
563,False,5667634,0,8 1,0.001,16,0,gotham,161
564,True,2796203,0.15,5 7,0.001,16,0,gotham,121
565,True,5181774,0.15,8 2,0.001,16,0,gotham,161
566,False,9717800,0,9 2,0.001,16,0,gotham,121
567,False,5088262,0,7 0,0.001,16,0,gotham,161
568,True,4754235,0.2,4 7,0.001,16,0,gotham,121
569,True,5185439,0.2,9 3,0.001,16,0,gotham,161
570,False,9352657,0,4 1,0.001,16,0,gotham,121
571,False,8263068,0,0 2,0.001,16,0,gotham,161
572,True,253583,0.25,6 4,0.001,16,0,gotham,121
573,True,7065795,0.25,6 5,0.001,16,0,gotham,161
574,False,8222045,0,4 7,0.001,16,0,gotham,121
575,False,2216952,0,6 5,0.001,16,0,gotham,161
576,True,2458260,0.3,4 6,0.001,16,0,gotham,121
577,True,4098920,0.3,1 8,0.001,16,0,gotham,161
578,False,2342423,0,5 1,0.001,16,0,gotham,121
579,False,9731896,0,2 8,0.001,16,0,gotham,161
580,True,431307,0.1,9 2 3 0,0.001,16,0,gotham,121
581,True,8661092,0.1,8 3 0 4,0.001,16,0,gotham,161
582,False,5898609,0,4 3 8 2,0.001,16,0,gotham,121
583,False,4411612,0,7 0 4 3,0.001,16,0,gotham,161
584,True,2957509,0.15,0 3 9 1,0.001,16,0,gotham,121
585,True,8748500,0.15,1 3 0 8,0.001,16,0,gotham,161
586,False,9452918,0,6 8 1 9,0.001,16,0,gotham,121
587,False,6647365,0,8 5 9 6,0.001,16,0,gotham,161
588,True,1585728,0.2,5 4 0 9,0.001,16,0,gotham,121
589,True,7001146,0.2,4 6 3 7,0.001,16,0,gotham,161
590,False,5488434,0,0 3 1 5,0.001,16,0,gotham,121
591,False,5323309,0,6 8 4 7,0.001,16,0,gotham,161
592,True,7760197,0.25,5 0 1 3,0.001,16,0,gotham,121
593,True,1975472,0.25,7 4 8 3,0.001,16,0,gotham,161
594,False,8819500,0,2 9 0 4,0.001,16,0,gotham,121
595,False,93671,0,6 9 4 7,0.001,16,0,gotham,161
596,True,6500543,0.3,3 0 9 1,0.001,16,0,gotham,121
597,True,5155157,0.3,3 7 6 4,0.001,16,0,gotham,161
598,False,3163984,0,6 3 2 1,0.001,16,0,gotham,121
599,False,8825569,0,8 9 5 7,0.001,16,0,gotham,161
600,True,5870798,0.1,3,0.001,16,0.0001,gotham,121
601,True,1928615,0.1,2,0.001,16,0.0001,gotham,161
602,False,9042382,0,1,0.001,16,0.0001,gotham,121
603,False,7557351,0,3,0.001,16,0.0001,gotham,161
604,True,6559254,0.15,5,0.001,16,0.0001,gotham,121
605,True,4312126,0.15,8,0.001,16,0.0001,gotham,161
606,False,6448147,0,1,0.001,16,0.0001,gotham,121
607,False,1620849,0,5,0.001,16,0.0001,gotham,161
608,True,3627978,0.2,4,0.001,16,0.0001,gotham,121
609,True,2471506,0.2,4,0.001,16,0.0001,gotham,161
610,False,4166290,0,5,0.001,16,0.0001,gotham,121
611,False,5042969,0,4,0.001,16,0.0001,gotham,161
612,True,1583967,0.25,7,0.001,16,0.0001,gotham,121
613,True,6503565,0.25,5,0.001,16,0.0001,gotham,161
614,False,4823184,0,2,0.001,16,0.0001,gotham,121
615,False,755168,0,7,0.001,16,0.0001,gotham,161
616,True,3006065,0.3,6,0.001,16,0.0001,gotham,121
617,True,4457676,0.3,3,0.001,16,0.0001,gotham,161
618,False,922048,0,6,0.001,16,0.0001,gotham,121
619,False,9668746,0,5,0.001,16,0.0001,gotham,161
620,True,8274211,0.1,3 1,0.001,16,0.0001,gotham,121
621,True,6625272,0.1,4 1,0.001,16,0.0001,gotham,161
622,False,5706659,0,6 5,0.001,16,0.0001,gotham,121
623,False,9312142,0,9 5,0.001,16,0.0001,gotham,161
624,True,6144186,0.15,1 8,0.001,16,0.0001,gotham,121
625,True,3814005,0.15,0 8,0.001,16,0.0001,gotham,161
626,False,5640956,0,0 2,0.001,16,0.0001,gotham,121
627,False,454370,0,6 3,0.001,16,0.0001,gotham,161
628,True,4523530,0.2,7 3,0.001,16,0.0001,gotham,121
629,True,7637643,0.2,5 7,0.001,16,0.0001,gotham,161
630,False,8771898,0,1 9,0.001,16,0.0001,gotham,121
631,False,1179957,0,7 2,0.001,16,0.0001,gotham,161
632,True,765748,0.25,2 3,0.001,16,0.0001,gotham,121
633,True,2097272,0.25,6 8,0.001,16,0.0001,gotham,161
634,False,26970,0,2 1,0.001,16,0.0001,gotham,121
635,False,93970,0,6 1,0.001,16,0.0001,gotham,161
636,True,6688228,0.3,1 0,0.001,16,0.0001,gotham,121
637,True,525276,0.3,7 3,0.001,16,0.0001,gotham,161
638,False,209677,0,3 9,0.001,16,0.0001,gotham,121
639,False,5151072,0,2 5,0.001,16,0.0001,gotham,161
640,True,2896480,0.1,5 3 8 0,0.001,16,0.0001,gotham,121
641,True,1011348,0.1,0 1 6 7,0.001,16,0.0001,gotham,161
642,False,530657,0,9 2 8 3,0.001,16,0.0001,gotham,121
643,False,3594761,0,5 4 0 1,0.001,16,0.0001,gotham,161
644,True,2637735,0.15,7 8 6 1,0.001,16,0.0001,gotham,121
645,True,8455648,0.15,8 2 4 9,0.001,16,0.0001,gotham,161
646,False,4326444,0,6 1 4 5,0.001,16,0.0001,gotham,121
647,False,4662662,0,4 8 2 7,0.001,16,0.0001,gotham,161
648,True,2072890,0.2,9 6 7 8,0.001,16,0.0001,gotham,121
649,True,6677466,0.2,4 1 3 6,0.001,16,0.0001,gotham,161
650,False,5484960,0,6 8 0 4,0.001,16,0.0001,gotham,121
651,False,4530552,0,4 9 7 6,0.001,16,0.0001,gotham,161
652,True,8169782,0.25,9 8 3 5,0.001,16,0.0001,gotham,121
653,True,1802222,0.25,1 8 3 6,0.001,16,0.0001,gotham,161
654,False,7106584,0,4 8 9 7,0.001,16,0.0001,gotham,121
655,False,1410210,0,1 2 4 5,0.001,16,0.0001,gotham,161
656,True,2895369,0.3,1 8 5 9,0.001,16,0.0001,gotham,121
657,True,3563511,0.3,8 7 1 2,0.001,16,0.0001,gotham,161
658,False,3090323,0,9 7 3 8,0.001,16,0.0001,gotham,121
659,False,2721839,0,7 6 8 4,0.001,16,0.0001,gotham,161
660,True,9577311,0.1,5,0.003,32,0,gotham,121
661,True,3586180,0.1,6,0.003,32,0,gotham,161
662,False,4321524,0,2,0.003,32,0,gotham,121
663,False,529926,0,1,0.003,32,0,gotham,161
664,True,6573532,0.15,6,0.003,32,0,gotham,121
665,True,4138245,0.15,1,0.003,32,0,gotham,161
666,False,626411,0,5,0.003,32,0,gotham,121
667,False,8918237,0,6,0.003,32,0,gotham,161
668,True,5334586,0.2,2,0.003,32,0,gotham,121
669,True,5142005,0.2,0,0.003,32,0,gotham,161
670,False,4033268,0,4,0.003,32,0,gotham,121
671,False,6015175,0,3,0.003,32,0,gotham,161
672,True,6971672,0.25,3,0.003,32,0,gotham,121
673,True,2773715,0.25,1,0.003,32,0,gotham,161
674,False,9908016,0,4,0.003,32,0,gotham,121
675,False,3550754,0,4,0.003,32,0,gotham,161
676,True,8494943,0.3,7,0.003,32,0,gotham,121
677,True,1926459,0.3,7,0.003,32,0,gotham,161
678,False,4509346,0,4,0.003,32,0,gotham,121
679,False,9312272,0,6,0.003,32,0,gotham,161
680,True,8953262,0.1,1 6,0.003,32,0,gotham,121
681,True,3989469,0.1,4 5,0.003,32,0,gotham,161
682,False,4983909,0,8 6,0.003,32,0,gotham,121
683,False,9219630,0,4 2,0.003,32,0,gotham,161
684,True,2377294,0.15,0 4,0.003,32,0,gotham,121
685,True,1197691,0.15,5 1,0.003,32,0,gotham,161
686,False,9807928,0,7 5,0.003,32,0,gotham,121
687,False,7276705,0,1 4,0.003,32,0,gotham,161
688,True,7812652,0.2,9 3,0.003,32,0,gotham,121
689,True,1431213,0.2,5 2,0.003,32,0,gotham,161
690,False,3807653,0,0 4,0.003,32,0,gotham,121
691,False,2629949,0,2 6,0.003,32,0,gotham,161
692,True,6238734,0.25,0 1,0.003,32,0,gotham,121
693,True,8398052,0.25,3 8,0.003,32,0,gotham,161
694,False,2305796,0,4 7,0.003,32,0,gotham,121
695,False,4826506,0,6 4,0.003,32,0,gotham,161
696,True,2691147,0.3,4 9,0.003,32,0,gotham,121
697,True,7538014,0.3,8 4,0.003,32,0,gotham,161
698,False,4770798,0,7 0,0.003,32,0,gotham,121
699,False,7505409,0,8 7,0.003,32,0,gotham,161
700,True,7689577,0.1,6 3 7 0,0.003,32,0,gotham,121
701,True,3199388,0.1,0 4 6 8,0.003,32,0,gotham,161
702,False,6049643,0,3 0 6 9,0.003,32,0,gotham,121
703,False,5493402,0,4 3 0 6,0.003,32,0,gotham,161
704,True,2254934,0.15,9 3 7 8,0.003,32,0,gotham,121
705,True,2653225,0.15,2 7 9 3,0.003,32,0,gotham,161
706,False,7511304,0,0 6 9 3,0.003,32,0,gotham,121
707,False,9485123,0,1 5 2 3,0.003,32,0,gotham,161
708,True,5142788,0.2,3 0 4 2,0.003,32,0,gotham,121
709,True,1764775,0.2,7 0 9 2,0.003,32,0,gotham,161
710,False,2616257,0,2 7 4 8,0.003,32,0,gotham,121
711,False,4737350,0,3 4 5 1,0.003,32,0,gotham,161
712,True,2239378,0.25,8 5 6 0,0.003,32,0,gotham,121
713,True,3649713,0.25,9 6 5 4,0.003,32,0,gotham,161
714,False,393201,0,7 6 2 8,0.003,32,0,gotham,121
715,False,8121615,0,0 2 7 5,0.003,32,0,gotham,161
716,True,3116051,0.3,0 5 9 7,0.003,32,0,gotham,121
717,True,9458064,0.3,9 6 7 2,0.003,32,0,gotham,161
718,False,595513,0,6 7 8 2,0.003,32,0,gotham,121
719,False,1715667,0,1 5 2 0,0.003,32,0,gotham,161
720,True,5915596,0.1,8,0.003,32,0.0001,gotham,121
721,True,357722,0.1,2,0.003,32,0.0001,gotham,161
722,False,3491566,0,4,0.003,32,0.0001,gotham,121
723,False,74137,0,1,0.003,32,0.0001,gotham,161
724,True,4793399,0.15,9,0.003,32,0.0001,gotham,121
725,True,4320320,0.15,6,0.003,32,0.0001,gotham,161
726,False,7856713,0,1,0.003,32,0.0001,gotham,121
727,False,2518071,0,7,0.003,32,0.0001,gotham,161
728,True,4754587,0.2,6,0.003,32,0.0001,gotham,121
729,True,7256301,0.2,4,0.003,32,0.0001,gotham,161
730,False,9330038,0,8,0.003,32,0.0001,gotham,121
731,False,8824270,0,8,0.003,32,0.0001,gotham,161
732,True,1506377,0.25,7,0.003,32,0.0001,gotham,121
733,True,4888720,0.25,4,0.003,32,0.0001,gotham,161
734,False,4139210,0,2,0.003,32,0.0001,gotham,121
735,False,3235508,0,9,0.003,32,0.0001,gotham,161
736,True,3245369,0.3,4,0.003,32,0.0001,gotham,121
737,True,8838514,0.3,3,0.003,32,0.0001,gotham,161
738,False,6665110,0,0,0.003,32,0.0001,gotham,121
739,False,5331752,0,6,0.003,32,0.0001,gotham,161
740,True,2147159,0.1,5 6,0.003,32,0.0001,gotham,121
741,True,3127230,0.1,0 5,0.003,32,0.0001,gotham,161
742,False,4686506,0,0 1,0.003,32,0.0001,gotham,121
743,False,5534488,0,6 1,0.003,32,0.0001,gotham,161
744,True,9632255,0.15,2 3,0.003,32,0.0001,gotham,121
745,True,4149139,0.15,2 7,0.003,32,0.0001,gotham,161
746,False,8877774,0,9 4,0.003,32,0.0001,gotham,121
747,False,6397101,0,9 3,0.003,32,0.0001,gotham,161
748,True,2828697,0.2,6 5,0.003,32,0.0001,gotham,121
749,True,2978967,0.2,3 2,0.003,32,0.0001,gotham,161
750,False,971677,0,9 6,0.003,32,0.0001,gotham,121
751,False,5367610,0,4 7,0.003,32,0.0001,gotham,161
752,True,9191287,0.25,7 4,0.003,32,0.0001,gotham,121
753,True,9839477,0.25,8 3,0.003,32,0.0001,gotham,161
754,False,1977479,0,3 4,0.003,32,0.0001,gotham,121
755,False,3450696,0,9 4,0.003,32,0.0001,gotham,161
756,True,767288,0.3,6 2,0.003,32,0.0001,gotham,121
757,True,9049057,0.3,4 2,0.003,32,0.0001,gotham,161
758,False,9223190,0,7 2,0.003,32,0.0001,gotham,121
759,False,6353622,0,4 9,0.003,32,0.0001,gotham,161
760,True,8855440,0.1,5 7 3 4,0.003,32,0.0001,gotham,121
761,True,8753874,0.1,0 5 2 8,0.003,32,0.0001,gotham,161
762,False,4662267,0,8 9 0 5,0.003,32,0.0001,gotham,121
763,False,3371817,0,4 2 1 9,0.003,32,0.0001,gotham,161
764,True,6977774,0.15,6 5 2 0,0.003,32,0.0001,gotham,121
765,True,5747323,0.15,0 5 9 4,0.003,32,0.0001,gotham,161
766,False,3882509,0,3 2 6 0,0.003,32,0.0001,gotham,121
767,False,1699157,0,2 8 6 1,0.003,32,0.0001,gotham,161
768,True,3019462,0.2,9 0 1 6,0.003,32,0.0001,gotham,121
769,True,3127320,0.2,8 5 1 9,0.003,32,0.0001,gotham,161
770,False,2129172,0,6 5 8 2,0.003,32,0.0001,gotham,121
771,False,1437661,0,0 3 8 1,0.003,32,0.0001,gotham,161
772,True,2621438,0.25,2 1 6 9,0.003,32,0.0001,gotham,121
773,True,7841592,0.25,7 2 0 3,0.003,32,0.0001,gotham,161
774,False,3455623,0,1 6 9 5,0.003,32,0.0001,gotham,121
775,False,2643842,0,0 8 9 3,0.003,32,0.0001,gotham,161
776,True,6790894,0.3,4 2 5 3,0.003,32,0.0001,gotham,121
777,True,991138,0.3,2 8 0 1,0.003,32,0.0001,gotham,161
778,False,5737948,0,8 4 0 3,0.003,32,0.0001,gotham,121
779,False,5410149,0,5 4 9 0,0.003,32,0.0001,gotham,161
780,True,8958158,0.1,8,0.003,16,0,gotham,121
781,True,6325963,0.1,7,0.003,16,0,gotham,161
782,False,841813,0,5,0.003,16,0,gotham,121
783,False,6474254,0,3,0.003,16,0,gotham,161
784,True,1798045,0.15,8,0.003,16,0,gotham,121
785,True,9562749,0.15,0,0.003,16,0,gotham,161
786,False,566073,0,5,0.003,16,0,gotham,121
787,False,2709806,0,8,0.003,16,0,gotham,161
788,True,3203843,0.2,3,0.003,16,0,gotham,121
789,True,9640629,0.2,1,0.003,16,0,gotham,161
790,False,904797,0,7,0.003,16,0,gotham,121
791,False,7204472,0,9,0.003,16,0,gotham,161
792,True,1076429,0.25,0,0.003,16,0,gotham,121
793,True,4402147,0.25,4,0.003,16,0,gotham,161
794,False,4085971,0,9,0.003,16,0,gotham,121
795,False,8945327,0,7,0.003,16,0,gotham,161
796,True,560029,0.3,8,0.003,16,0,gotham,121
797,True,6496250,0.3,2,0.003,16,0,gotham,161
798,False,505684,0,9,0.003,16,0,gotham,121
799,False,3835108,0,1,0.003,16,0,gotham,161
800,True,3668666,0.1,8 3,0.003,16,0,gotham,121
801,True,7541854,0.1,5 1,0.003,16,0,gotham,161
802,False,7203620,0,1 9,0.003,16,0,gotham,121
803,False,2031310,0,9 0,0.003,16,0,gotham,161
804,True,4727001,0.15,5 3,0.003,16,0,gotham,121
805,True,6829336,0.15,1 7,0.003,16,0,gotham,161
806,False,85098,0,4 9,0.003,16,0,gotham,121
807,False,4640855,0,0 4,0.003,16,0,gotham,161
808,True,9052016,0.2,4 1,0.003,16,0,gotham,121
809,True,6365663,0.2,9 1,0.003,16,0,gotham,161
810,False,5611179,0,2 1,0.003,16,0,gotham,121
811,False,5122302,0,4 9,0.003,16,0,gotham,161
812,True,2751070,0.25,1 0,0.003,16,0,gotham,121
813,True,1067840,0.25,3 9,0.003,16,0,gotham,161
814,False,4747298,0,7 5,0.003,16,0,gotham,121
815,False,2075600,0,6 5,0.003,16,0,gotham,161
816,True,8522862,0.3,5 9,0.003,16,0,gotham,121
817,True,1107701,0.3,7 6,0.003,16,0,gotham,161
818,False,8754424,0,5 3,0.003,16,0,gotham,121
819,False,9227589,0,1 6,0.003,16,0,gotham,161
820,True,4577016,0.1,9 2 1 3,0.003,16,0,gotham,121
821,True,8672849,0.1,5 4 6 1,0.003,16,0,gotham,161
822,False,3648418,0,7 3 2 9,0.003,16,0,gotham,121
823,False,3455192,0,1 0 6 2,0.003,16,0,gotham,161
824,True,261025,0.15,8 9 6 4,0.003,16,0,gotham,121
825,True,8597481,0.15,0 1 9 4,0.003,16,0,gotham,161
826,False,4651435,0,3 7 4 5,0.003,16,0,gotham,121
827,False,9880339,0,4 7 6 8,0.003,16,0,gotham,161
828,True,1265571,0.2,2 4 1 3,0.003,16,0,gotham,121
829,True,3728514,0.2,6 4 9 8,0.003,16,0,gotham,161
830,False,9659308,0,8 9 0 7,0.003,16,0,gotham,121
831,False,2794486,0,3 6 2 1,0.003,16,0,gotham,161
832,True,8040999,0.25,2 3 5 7,0.003,16,0,gotham,121
833,True,6438586,0.25,5 2 9 3,0.003,16,0,gotham,161
834,False,75763,0,1 6 0 4,0.003,16,0,gotham,121
835,False,4436397,0,2 0 6 1,0.003,16,0,gotham,161
836,True,5926627,0.3,8 6 4 2,0.003,16,0,gotham,121
837,True,4964876,0.3,2 8 4 0,0.003,16,0,gotham,161
838,False,2592294,0,4 0 6 8,0.003,16,0,gotham,121
839,False,5214336,0,6 8 2 4,0.003,16,0,gotham,161
840,True,4680867,0.1,5,0.003,16,0.0001,gotham,121
841,True,2028568,0.1,1,0.003,16,0.0001,gotham,161
842,False,2288046,0,7,0.003,16,0.0001,gotham,121
843,False,9143726,0,1,0.003,16,0.0001,gotham,161
844,True,1849433,0.15,3,0.003,16,0.0001,gotham,121
845,True,9381679,0.15,4,0.003,16,0.0001,gotham,161
846,False,7593073,0,1,0.003,16,0.0001,gotham,121
847,False,4952410,0,6,0.003,16,0.0001,gotham,161
848,True,8766767,0.2,3,0.003,16,0.0001,gotham,121
849,True,3619939,0.2,1,0.003,16,0.0001,gotham,161
850,False,1424867,0,4,0.003,16,0.0001,gotham,121
851,False,9335324,0,6,0.003,16,0.0001,gotham,161
852,True,3769197,0.25,4,0.003,16,0.0001,gotham,121
853,True,7610218,0.25,1,0.003,16,0.0001,gotham,161
854,False,9815297,0,4,0.003,16,0.0001,gotham,121
855,False,7890424,0,6,0.003,16,0.0001,gotham,161
856,True,9219680,0.3,1,0.003,16,0.0001,gotham,121
857,True,6394120,0.3,0,0.003,16,0.0001,gotham,161
858,False,8280397,0,7,0.003,16,0.0001,gotham,121
859,False,8356286,0,1,0.003,16,0.0001,gotham,161
860,True,8544612,0.1,5 0,0.003,16,0.0001,gotham,121
861,True,6478310,0.1,2 7,0.003,16,0.0001,gotham,161
862,False,4951960,0,3 1,0.003,16,0.0001,gotham,121
863,False,3750837,0,7 8,0.003,16,0.0001,gotham,161
864,True,7469425,0.15,4 5,0.003,16,0.0001,gotham,121
865,True,6719607,0.15,6 3,0.003,16,0.0001,gotham,161
866,False,1168484,0,5 7,0.003,16,0.0001,gotham,121
867,False,4787845,0,6 5,0.003,16,0.0001,gotham,161
868,True,9637846,0.2,2 5,0.003,16,0.0001,gotham,121
869,True,4258102,0.2,5 0,0.003,16,0.0001,gotham,161
870,False,2299950,0,5 9,0.003,16,0.0001,gotham,121
871,False,5744735,0,6 1,0.003,16,0.0001,gotham,161
872,True,2729693,0.25,7 4,0.003,16,0.0001,gotham,121
873,True,6502293,0.25,9 7,0.003,16,0.0001,gotham,161
874,False,3250039,0,4 5,0.003,16,0.0001,gotham,121
875,False,3232775,0,9 1,0.003,16,0.0001,gotham,161
876,True,3591165,0.3,5 8,0.003,16,0.0001,gotham,121
877,True,3278983,0.3,5 9,0.003,16,0.0001,gotham,161
878,False,8209735,0,6 7,0.003,16,0.0001,gotham,121
879,False,9393832,0,6 0,0.003,16,0.0001,gotham,161
880,True,4962490,0.1,1 8 4 3,0.003,16,0.0001,gotham,121
881,True,5441673,0.1,9 2 3 6,0.003,16,0.0001,gotham,161
882,False,5608940,0,3 8 0 9,0.003,16,0.0001,gotham,121
883,False,8870308,0,6 4 0 3,0.003,16,0.0001,gotham,161
884,True,2997729,0.15,1 4 2 9,0.003,16,0.0001,gotham,121
885,True,3312984,0.15,0 1 5 9,0.003,16,0.0001,gotham,161
886,False,4431551,0,3 8 1 0,0.003,16,0.0001,gotham,121
887,False,6337452,0,4 1 3 6,0.003,16,0.0001,gotham,161
888,True,4174790,0.2,0 2 9 4,0.003,16,0.0001,gotham,121
889,True,54353,0.2,0 2 4 8,0.003,16,0.0001,gotham,161
890,False,2159243,0,6 0 4 7,0.003,16,0.0001,gotham,121
891,False,6881622,0,3 8 6 0,0.003,16,0.0001,gotham,161
892,True,8094800,0.25,0 4 2 3,0.003,16,0.0001,gotham,121
893,True,1648827,0.25,6 3 9 5,0.003,16,0.0001,gotham,161
894,False,823499,0,4 2 6 8,0.003,16,0.0001,gotham,121
895,False,9290013,0,5 6 1 8,0.003,16,0.0001,gotham,161
896,True,2409550,0.3,8 6 9 3,0.003,16,0.0001,gotham,121
897,True,3107348,0.3,5 6 9 0,0.003,16,0.0001,gotham,161
898,False,9631402,0,9 0 2 7,0.003,16,0.0001,gotham,121
899,False,5149171,0,9 2 0 6,0.003,16,0.0001,gotham,161
